match_id,first_to_serve,home_team_seed,away_team_seed,custom_id,winner_code,default_period_count,start_datetime,match_slug,final_result_only
11673958,,1,4,JgdbspFNb,2,3,1696094700,tirante-barrios-vera,FALSE
11673962,,4,,pFNbsHbwc,1,3,1696176000,heide-tirante,FALSE
11673963,,,,fTxsHbwc,1,3,1696087800,heide-jorda-sanchis,FALSE
11673993,,,Q,axvsGQHb,2,3,1696154400,ajdukovic-roca-batalla,FALSE
11674000,,Q,WC,QjHshlKb,2,3,1696086000,crawford-escobedo,FALSE
11674008,,,,PzLsIXxc,1,3,1696092300,shelbayh-peniston,FALSE
11674011,,WC,,hlKbsIXxc,2,3,1696172400,shelbayh-crawford,FALSE
11674026,,1,,oNfsaqVb,2,3,1696088700,machac-gasquet,FALSE
11674032,,,8,aqVbsZzdc,1,3,1696171500,draper-machac,FALSE
11674034,,8,2,ZzdcsccJc,1,3,1696081200,van-assche-draper,FALSE
11674074,1,8,2,JWrstOB,1,3,1696129200,kudermetova-pegula,FALSE
11674103,1,,3,XrIsFupb,1,3,1696078500,bublik-ofner,FALSE
11674105,1,5,WC,PqDbseDDc,1,3,1696239000,mededovic-korda,FALSE
11674110,2,4,WC,RUbcseDDc,2,3,1696140000,mededovic-lehecka,FALSE
11674111,2,,6,UrgsXrI,2,3,1696250400,ofner-mannarino,FALSE
11674112,1,6,Q,UrgsjdFb,1,3,1696152600,rodionov-mannarino,FALSE
11674113,2,,,YzrsXrI,2,3,1696161600,ofner-thiem,FALSE
11674114,2,1,5,tXYsPqDb,2,3,1696145400,korda-griekspoor,FALSE
11675440,2,,2,evpbsNhzb,2,3,1696221000,humbert-medvedev,FALSE
11675443,1,8,,nTxsHRK,1,3,1696230000,jarry-zverev,FALSE
11675444,1,1,,pvecsytkc,1,3,1696147200,alcaraz-musetti,FALSE
11675445,1,,6,GwjsvGHb,2,3,1696251600,sinner-dimitrov,FALSE
11675446,1,3,,Gwjsvlnc,2,3,1696159800,rune-dimitrov,FALSE
11675447,1,1,7,YJXsytkc,1,3,1696245900,alcaraz-ruud,FALSE
11675448,1,,7,YJXsWOrb,2,3,1696140900,etcheverry-ruud,FALSE
11675449,2,8,,nTxsgZmb,1,3,1696089300,davidovich-fokina-zverev,FALSE
11675450,2,,6,GKysvGHb,2,3,1696152900,sinner-nishioka,FALSE
11686269,2,,,UuqsonL,1,3,1696221000,kalinina-saville,FALSE
11686272,1,,,OVqsyVv,1,3,1696236600,brady-linette,FALSE
11686275,,,13,WOAsZFjc,2,3,1696227000,noskova-ostapenko,FALSE
11686276,2,12,,LWhsJwbb,2,3,1696239000,samsonova-kvitova,FALSE
11686281,2,WC,,iJCsWuBb,2,3,1696227600,yuan-paolini,FALSE
11688311,,,4,jQRbstMgd,,3,1696086000,razeghi-smith,TRUE
11696863,2,5,8,IaJbsBbhc,2,3,1696075200,bouquier-glinka,FALSE
11697105,2,14,,rFhsOVq,2,3,1696079100,linette-azarenka,FALSE
11697107,1,1,WC,kOLsefnb,1,3,1696142100,sabalenka-kenin,FALSE
11697108,1,,15,cUysiJC,1,3,1696129200,paolini-haddad-maia,FALSE
11697110,2,,5,mBzbsJfdc,2,3,1696246200,zheng-rybakina,FALSE
11697112,2,WC,,ZFjcspczc,2,3,1696158300,tian-noskova,FALSE
11697113,1,12,WC,LWhsYmOb,1,3,1696165500,wang-xiy-kvitova,FALSE
11697117,2,,,JwbbskDNb,2,3,1696134600,parks-samsonova,FALSE
11697118,1,,,XWhswDxc,1,3,1696149900,fruhvirtova-rus,FALSE
11697119,1,,WC,YphsGYPb,1,3,1696221000,wang-xin-zvonareva,FALSE
11697120,1,,11,kqKsvXcb,2,3,1696226400,kasatkina-sherif,FALSE
11697121,1,,,rwosJlt,1,3,1696215600,zhu-tsurenko,FALSE
11697122,2,,3,jfCsIZfc,2,3,1696239600,gauff-alexandrova,FALSE
11697123,1,8,,onLseglb,2,3,1696134600,vondrousova-kalinina,FALSE
11697124,2,,,UuqsBXD,1,3,1696134600,siniakova-saville,FALSE
11697126,1,,2,RhzsxpQb,2,3,1696219500,swiatek-sorribes-tormo,FALSE
11697152,2,,5,WlKbspbod,1,3,1696081500,sonobe-sleeth,FALSE
11697216,1,7,,hgYbsRacd,2,3,1696079700,gentzsch-stewart,FALSE
11697223,2,Q,,hRHbsbQqc,1,3,1696090200,biolay-urrutia,FALSE
11697237,2,,,CMOsGlIc,2,3,1696078800,ambrogi-kestelboim,FALSE
11697262,1,Q,2,oZCsnDuc,1,3,1696086000,sierra-estable,FALSE
11697278,2,Q,5,zGHbsgcIb,1,3,1696101300,grant-angele,FALSE
11697304,1,3,2,jYhcspVuc,2,3,1696086900,bueno-guillen-meza,FALSE
11697306,2,4,2,nvObsjQRb,2,3,1696091400,smith-draxl,FALSE
11697309,2,1,4,hxIsuRuc,2,3,1696078200,janicijevic-capurro-taborda,FALSE
11697316,2,1,WC,MCvsooTb,1,3,1696104000,kessler-townsend,FALSE
11698042,2,4,8,EhMsOyU,2,3,1696096500,zarazua-shymanovich,FALSE
11698055,1,1,2,auBbsJDwc,2,3,1696122000,yang-ma,FALSE
11698354,,,,VXedsZHmd,1,3,1696118400,braund-viiala,FALSE
11698355,,,,JMgcsvjdd,2,3,1696118400,dunn-birrell,FALSE
11698356,,,,BWKdspnWd,1,3,1696127400,richards-bagaric,FALSE
11698357,,,,FoldsgRHd,1,3,1696118400,elia-wilkinson,FALSE
11698358,,,,pwIbsvwud,2,3,1696127400,babakian-omalley,FALSE
11698359,,,,aCtbsMdud,1,3,1696118400,decruy-xiangruyi-ji,FALSE
11698360,,,,TKUbsREEd,2,3,1696127400,jesser-bayldon,FALSE
11698361,,,,bPGcsnHFd,1,3,1696118400,korhonen-nelson,FALSE
11698362,,,,pdlcsiPGc,1,3,1696118400,scheers-karpinski,FALSE
11698363,,,WC,NjvdscrXd,1,3,1696118400,weeks-callaghan,FALSE
11698364,,,WC,uHEdsdrXd,1,3,1696118400,asquith-vickery,FALSE
11698365,,,,dXXbsfNjc,2,3,1696131000,prescott-poulos,FALSE
11698366,,,,MFFdsnnWd,2,3,1696118400,kose-lewindon,FALSE
11698367,,,,FlfdsvnWd,2,3,1696127400,thorogood-marinkov,FALSE
11698368,,,,Gamdsnwud,1,3,1696118400,spencer-yan,FALSE
11698369,,,,mwudsHUHd,2,3,1696127400,shetty-santitto,FALSE
11698370,,,,RUBbsGrbd,1,3,1696118400,rowing-dumitru,FALSE
11698371,,,,ffZbsWbad,2,3,1696118400,stallworthy-fry,FALSE
11698372,,,,lHFdserXd,1,3,1696127400,chan-meafua-uren,FALSE
11698373,,,,fULcscpnd,2,3,1696127400,adam-gedge-howe,FALSE
11698374,,,,DMgcsfrXd,1,3,1696127400,coetzee-oster,FALSE
11698375,,,,fPGcsBQZc,2,3,1696118400,inoue-power,FALSE
11698376,,,,PFFdsirXd,2,3,1696118400,pese-sato,FALSE
11698377,,,,HaEbsgrXd,2,3,1696118400,shamim-chikaraishi,FALSE
11698378,,,,KgndshrXd,2,3,1696118400,cetinay-kim,FALSE
11698379,2,6,2,EPqsjgKb,2,3,1696143600,parker-safwat,FALSE
11698395,1,Q,Q,ziAsaAD,2,3,1696156500,frech-boulter,FALSE
11698397,2,10,Q,YhzsBKmd,2,3,1696159500,andreeva-krejcikova,FALSE
11698398,2,Q,13,WOAsypLb,2,3,1696148400,lys-ostapenko,FALSE
11698399,1,Q,7,bixsmvzc,2,3,1696227300,krueger-jabeur,FALSE
11698400,2,,Q,VktsnjR,2,3,1696140900,bouzkova-putintseva,FALSE
11698401,1,Q,9,OWqsIwu,2,3,1696221000,baindl-garcia,FALSE
11698402,1,,Q,yVvsVwec,1,3,1696143000,stearns-brady,FALSE
11698403,2,1,2,HfHbspWrc,1,3,1696143600,kubka-kuzmova,FALSE
11698476,2,,7,hlucsxPDc,2,3,1696150200,gaubas-gill,FALSE
11698477,2,3,5,AwpcsGeid,2,3,1696148400,feistel-martynov,FALSE
11698544,2,,2,cHHbsWMHc,2,3,1696143600,milev-tabur,FALSE
11698550,2,1,3,mDnbsrjkc,2,3,1696154100,paulson-vacherot,FALSE
11698683,1,3,4,jBvscOLc,1,3,1696149000,privara-cid-subervi,FALSE
11698735,2,6,7,UUDsMEOc,2,3,1696149000,bartunkova-hobgarski,FALSE
11698749,2,,5,TeCstEBc,2,3,1696150800,ruzic-gjorcheska,FALSE
11698757,1,Q,,oYcbsgMCb,1,3,1696154400,berberovic-guerrero-alvarez,FALSE
11698861,1,,8,IaJbshgYb,2,3,1696163400,stewart-glinka,FALSE
11698870,,,,FQjdsPutd,2,3,1696154400,shumsky-sinitsyn,FALSE
11698871,,,,kBVdsZaXd,2,3,1696143600,kalenteridis-stroumpos-iliescu,FALSE
11698872,,,,lcVcsIVPd,1,3,1696150800,ispasescu-jakupi,FALSE
11698873,,,,XwudsrGFd,1,3,1696150800,popov-vladimirov,FALSE
11698874,,,,czzsMkrd,2,3,1696147200,cankov-shevkedov,FALSE
11698875,,,,XchdsECUd,2,3,1696154400,torcq-lazarov,FALSE
11698876,,,,bKecsntXd,2,3,1696143600,panayotov-anand,FALSE
11698877,,,,zewcsyEPd,1,3,1696143600,kirilov-aregger,FALSE
11698878,,,,zOZbsdbGd,2,3,1696150800,valtsis-bueno-gil,FALSE
11698879,,,,UYDdsrtGd,1,3,1696143600,marinov-kravec,FALSE
11698880,,,,tpocsxqoc,1,3,1696143600,penev-kardzhiev,FALSE
11698881,,,,boWdsotXd,1,3,1696154400,bonev-norrman,FALSE
11698882,,,,dEOsofUc,2,3,1696143600,anhelov-shandarov,FALSE
11698883,,,,bEOsabTd,1,3,1696150800,baychev-milushev,FALSE
11698884,,,,LYkdsmtXd,1,3,1696143600,tomov-krischke,FALSE
11698885,,1,,ugDbsvEPd,1,3,1696154400,genchev-vanta,FALSE
11698931,,8,,oYmbshqHb,2,3,1696152600,loccisano-cortegiani,FALSE
11698932,,WC,13,fcYbsnQMd,2,3,1696149000,secci-liucci,FALSE
11698933,,WC,11,ExIbsLfGc,2,3,1696156200,caruso-loccisano,FALSE
11698934,,2,WC,kxFcsNjVd,1,3,1696149000,ricci-marino,FALSE
11698935,,,14,trwbsiQMd,2,3,1696152600,mura-loccisano,FALSE
11698936,,WC,16,pZLbshNHc,2,3,1696152600,cossu-floris-dessi,FALSE
11698937,,4,,ZWQsptXd,1,3,1696149000,bardocci-reitano,FALSE
11698938,,,15,bIJbswkkd,1,3,1696149000,massacri-dellelba,FALSE
11698939,,3,,eMUbsinpd,1,3,1696149000,dessi-di-natale,FALSE
11698940,,6,,FLNbsNiuc,1,3,1696149000,misasi-wolfschmidt,FALSE
11698941,,,12,ELhcsDkqd,1,3,1696152600,dhamne-strauch,FALSE
11698942,,1,WC,GJpcsGkqc,1,3,1696149000,la-vela-bettini,FALSE
11698943,,,10,pEAbsYEvc,1,3,1696152600,chvets-heger,FALSE
11698944,,,9,uoysAxud,2,3,1696152600,beaven-martin,FALSE
11698945,,5,,UnjcsqtXd,1,3,1696156200,macchione-fossati,FALSE
11698946,,7,,VCRsubpd,1,3,1696152600,sanna-ricca,FALSE
11698947,,,,qyZcsrtXd,1,3,1696143600,vasudeva-massetti,FALSE
11698949,,WC,,FLGcsvHQd,2,3,1696143600,clark-bukhari,FALSE
11698950,,,,dLmdsAGFd,2,3,1696161600,jakubowicz-varzandeh,FALSE
11698951,,WC,WC,cMgsdzUb,1,3,1696143600,bird-uzhylovsky,FALSE
11698952,,5,WC,VHycsvBVd,1,3,1696161600,gnjatovic-tanner,FALSE
11698953,,,9,obpdsNVqd,2,3,1696167000,kahsay-elbasanly,FALSE
11698954,,1,,DfPbstjac,1,3,1696143600,agostinetto-militi-ribaldi,FALSE
11698955,,3,,fiBbszDYc,1,3,1696156200,vasilev-van-rensburg,FALSE
11698956,,,13,fGncsFdKd,2,3,1696143600,serazhetdinov-el-feky,FALSE
11698957,,,15,AlBcsmbGd,2,3,1696150800,nitschke-ibrahim,FALSE
11698958,,,,LwbdstXKd,2,3,1696167000,bastiaansen-park,FALSE
11698959,,2,,YKKbsmvvd,1,3,1696143600,kamchibekov-jones,FALSE
11698960,,,,xkRcslXcd,1,3,1696161600,kukasian-da-silva,FALSE
11698961,,,10,zEAbshLqc,2,3,1696143600,castelletti-kravchenko,FALSE
11698962,,,,epJcsGrfd,2,3,1696150800,nielsen-ferrari,FALSE
11698963,,,WC,KWecsPBed,,3,1696161600,dinev-tasenkov,FALSE
11698964,,,,OwccslbXd,1,3,1696167000,mabrouk-tsai,FALSE
11698965,,,12,JCdcsrzLc,2,3,1696167000,fumagalli-suresh,FALSE
11698966,,,16,jBMsmbXd,2,3,1696143600,faizy-el-sallaly,FALSE
11698967,,7,,ybkcsttXd,1,3,1696150800,strugach-sibille,FALSE
11698968,,,14,fiObsZtkc,2,3,1696156200,murgett-stanke,FALSE
11698969,,,,ntKbsLgMc,2,3,1696156200,gupta-troebinger,FALSE
11698970,,,,hQmcsNupc,2,3,1696161600,macherla-staley,FALSE
11698971,,,,KBdcsWQJc,2,3,1696167000,pino-taddia,FALSE
11698972,,WC,,MArdsgFPd,2,3,1696143600,bojkovic-bilardo,FALSE
11698973,,WC,,WoMbsLhMc,2,3,1696150800,ridout-evseev,FALSE
11698974,,WC,,yQGcsDtdd,2,3,1696167000,mossur-lai,FALSE
11698975,,4,,gelcsaFoc,1,3,1696156200,filar-mohanty,FALSE
11698976,,,,wGUsgrfd,2,3,1696167000,leather-aleshchev,FALSE
11698977,,,,PmUdsoBVd,2,3,1696167000,herman-shalev-oz,FALSE
11698978,,8,,hhfdslcmd,1,3,1696143600,saravanan-ianin,FALSE
11698979,,,11,OOvcsYVcd,2,3,1696156200,bidzinashvili-sada,FALSE
11698980,,,,NKQbsUBkc,1,3,1696150800,lawrence-popyrin,FALSE
11698984,,6,WC,PiBbsutXd,1,3,1696161600,hermann-traversi,FALSE
11698985,,,10,VZwcsuEfd,2,3,1696161600,kotlikova-mayerova,FALSE
11698986,,WC,15,GMrcslWed,2,3,1696150800,lazic-dimic,FALSE
11698987,,WC,10,FwYcsaDVd,2,3,1696150800,kirbis-michalik,FALSE
11698988,,5,,QRLbsvRtc,2,3,1696150800,junge-ilges-maslenkova,FALSE
11698989,,3,WC,TkRsBqId,1,3,1696143600,djekic-vojcinakova,FALSE
11698990,,7,,FMGbsQzjd,1,3,1696161600,bulat-sandberg,FALSE
11698991,,WC,14,kLGcstlcd,2,3,1696150800,simundza-benedict,FALSE
11698992,,WC,16,kWedsMbmd,1,3,1696143600,hesselmann-hausberger,FALSE
11698993,,,11,qEGcsAald,2,3,1696150800,melato-odorizzi,FALSE
11698994,,2,,XHzcsCItd,2,3,1696150800,jeran-basic,FALSE
11698995,,,12,MbPskypd,2,3,1696150800,kremenchutskyi-panak,FALSE
11698996,,8,WC,xKqcsQBkd,1,3,1696161600,ionescu-karadzhaeva,FALSE
11698997,,7,,BCacskoHd,2,3,1696150800,plunger-zund,FALSE
11698998,,,9,GawcsjEed,2,3,1696150800,premzl-malgiaritta,FALSE
11698999,,2,WC,Ojbdscmqd,1,3,1696143600,gruber-balus,FALSE
11699000,,WC,11,XKccskfgd,2,3,1696143600,freitag-puskar,FALSE
11699001,,5,,xoIbsjvec,1,3,1696143600,krajcik-zahraj,FALSE
11699002,,8,,kRHcsqldd,1,3,1696150800,podorozhnyi-kupcic,FALSE
11699003,,3,,xBacsCjuc,1,3,1696150800,carnevalle-larwig,FALSE
11699004,,6,,mlcdsoTfd,1,3,1696150800,fix-protic-zakelj,FALSE
11699005,,WC,14,uKIcseWPd,2,3,1696143600,keller-semenistaja,FALSE
11699006,,WC,13,rbpdsvutd,2,3,1696143600,mikovic-wojta,FALSE
11699007,,,,tOmbsTibd,,3,1696150800,benesova-masic,TRUE
11699008,,,15,kqHdsgMKd,2,3,1696150800,ksandinov-kargina,FALSE
11699009,,WC,,QjkdswaId,1,3,1696167000,gleixner-safta,FALSE
11699010,,,16,dXedsDugd,1,3,1696161600,sopkova-chramcova,FALSE
11699011,,1,,FBbcsEJpd,1,3,1696143600,agwi-vatteroni,FALSE
11699012,,,9,LXQbsakEc,2,3,1696161600,vanik-sopkova,FALSE
11699013,,,12,ieocsbXcd,2,3,1696161600,slavikova-kovacicova,FALSE
11699014,,4,,ZIGcsWEDd,2,3,1696143600,firman-marusinova,FALSE
11699015,,4,,kMqcsGwYc,1,3,1696143600,lanik-dragomirov,FALSE
11699035,,WC,9,miNdsVYTd,2,3,1696143600,vogt-mijovic,FALSE
11699036,,,16,NCHdsrTVd,2,3,1696143600,poborilova-inisan,FALSE
11699037,,8,,VRRbslrac,1,3,1696152600,borodulina-timm,FALSE
11699038,,,,IUbcsBoKc,2,3,1696158000,petrova-pietras,FALSE
11699039,,,11,GKPbsgjGd,1,3,1696143600,sarinova-breckova,FALSE
11699040,,,13,dKbcsNUbc,1,3,1696152600,krznaric-aragosa,FALSE
11699041,,,,ymQbsWTUd,1,3,1696143600,orlinska-voracek,FALSE
11699042,,,10,xyfbsNCtc,2,3,1696158000,heinzova-yazawa,FALSE
11699043,,,14,GPGcskjDd,2,3,1696143600,crimmel-nikcevic,FALSE
11699044,,,,BfgdsEQMd,2,3,1696143600,lanisek-skrabalova,FALSE
11699045,,,,mfocsTmEd,2,3,1696143600,wirglerova-kusy-alzugaray,FALSE
11699046,,,,TtddsDPLd,1,3,1696143600,stella-ferrazzoli-ignjatic,FALSE
11699047,,,15,JLhcsPBId,2,3,1696158000,trklja-barnes,FALSE
11699048,,,,nvJbsvtXd,2,3,1696143600,bilic-alkio,FALSE
11699049,,,WC,tcecsPJpd,1,3,1696143600,knez-munteanu,FALSE
11699050,,,,nhfdswtXd,2,3,1696152600,bumbak-wiche,FALSE
11699051,,,,ZKqcsqcGd,1,3,1696158000,polakovicova-vasilyeva,FALSE
11699052,,WC,,PuncsxtXd,2,3,1696152600,kajtazi-zamberlani,FALSE
11699053,,,12,nAVbsqmvd,2,3,1696143600,nylander-altelius-matos-sequeira-fernandes,FALSE
11699054,,,,GxNbsrUud,1,3,1696158000,otzipka-muller,FALSE
11699055,,,,wDDbsxqPd,2,3,1696152600,peric-bebic,FALSE
11699056,,WC,,GHFdsNoWd,1,3,1696143600,serban-serticova,FALSE
11699057,,WC,,xoWdsytXd,2,3,1696143600,pozzetti-langlais,FALSE
11699058,,,,UORdsztXd,1,3,1696152600,tognoni-ngijol-carre,FALSE
11699059,,,WC,FbJbskiId,1,3,1696143600,meneguzzo-nylander-altelius,FALSE
11699062,,,11,ywCcsaBPc,1,3,1696161000,pawelski-blanch,FALSE
11699063,,2,WC,BBlbsAtXd,1,3,1696155000,aunion-echargui,FALSE
11699064,,,,kgfbsmhCb,,3,1696149000,damas-blanch,FALSE
11699065,,4,,VBvsyVLc,1,3,1696159500,manzanera-pertusa-damm,FALSE
11699067,,5,,iUZsIyBb,1,3,1696155000,singh-cukierman,FALSE
11699068,,3,,MLUsdfUc,1,3,1696165500,maksymchuk-harris,FALSE
11699069,,,12,jHUsLtib,2,3,1696149000,kaliyanda-poonacha-barroso-campos,FALSE
11699070,,1,,kLysPCKc,1,3,1696168800,merida-aguilar-caruso,FALSE
11699071,,,10,npIsAKTb,2,3,1696169700,echeverria-santillan,FALSE
11699072,,,7,vQlbsNOOc,1,3,1696165500,pokorny-orlov,FALSE
11699073,,,8,DyYsiCld,1,3,1696157100,gulin-gautier,FALSE
11699074,,,9,RlhsRled,2,3,1696149000,butvilas-cox,FALSE
11699083,,,,rvecsWTqd,2,3,1696251600,landaluce-maestrelli,FALSE
11699084,,,5,XLFbsdgpc,2,3,1696247100,cazaux-brancaccio,FALSE
11699097,2,4,Q,oZCsuRuc,1,3,1696165200,janicijevic-estable,FALSE
11699098,1,,12,OxGcsMAMd,1,3,1696167000,vitter-ajavon,FALSE
11699099,2,,13,kZFbsOwod,2,3,1696167600,jucha-seeman,FALSE
11699100,1,WC,,gLXsTItd,1,3,1696159800,colne-giovannini,FALSE
11699101,2,,16,myQbsfUVd,2,3,1696163100,gerbaud-bertimon,FALSE
11699102,2,1,WC,LuObsOnhc,1,3,1696179300,fouilloux-reynolds,FALSE
11699103,1,,11,EKPbshfJd,2,3,1696180200,ghazouani-durand-aerne,FALSE
11699104,2,WC,10,YDjbsCcec,2,3,1696152600,rey-calzi,FALSE
11699105,2,,15,PbvbsVItd,2,3,1696147200,malige-pierre,FALSE
11699106,1,,9,fGObsBGFd,1,3,1696155000,rocci-reveniau,FALSE
11699107,2,2,,Jbebsychd,1,3,1696174200,deflandre-bouquet,FALSE
11699108,1,5,,LyTbsfnpd,1,3,1696169400,villard-freire-da-silva,FALSE
11699109,2,3,WC,oyZsnZnd,1,3,1696161900,berquier-boureau,FALSE
11699110,1,WC,14,oZndsBtXd,1,3,1696176900,grandvincent-lacides,FALSE
11699111,2,6,,OMhdsWYDd,1,3,1696147200,wallner-vaksmann,FALSE
11699112,1,8,,XnZcsffJd,2,3,1696147200,jarzaguet-corbinais,FALSE
11699113,2,4,,AcmcslKnd,1,3,1696154100,merre-garcian,FALSE
11699125,,,10,jFddsbhfd,1,3,1696147200,peiro-serrano-goldberg-alviani,FALSE
11699126,,,13,xEXsWKcc,1,3,1696158000,brosset-thompkins,FALSE
11699127,,1,WC,eNBcseKnd,1,3,1696147200,helguera-casado-nedelchev,FALSE
11699128,,,11,aLPbsCqbc,2,3,1696163400,zusman-molino,FALSE
11699129,,7,,XYLbsALUb,1,3,1696172400,rocens-cekirge,FALSE
11699130,,2,,nfgdsrVqd,1,3,1696172400,sevilla-cesar-porras,FALSE
11699131,,,9,cXtbsPQOb,2,3,1696152600,iamachkine-postay,FALSE
11699132,,WC,12,nvMdsaEQd,1,3,1696172400,bieldiugin-roche-alcaya,FALSE
11699133,,8,,RlKbsrWcd,1,3,1696163400,hodzic-minin,FALSE
11699134,,WC,16,lvidsDtXd,2,3,1696152600,sanclemente-claver-regas-luis,FALSE
11699135,,WC,14,YPfdsCtXd,2,3,1696172400,diego-esteban-torres-baumgartner,FALSE
11699136,,3,,ZrNbsJNbd,1,3,1696147200,siddiqui-sheyngezikht,FALSE
11699137,,WC,12,gYadsEtXd,2,3,1696149000,nunez-gomez-tatu,FALSE
11699138,,,11,duuskkTb,2,3,1696158000,murgett-parres-azcoitia,FALSE
11699139,,,15,yBhcsulod,2,3,1696158000,bartlett-garri-murcia,FALSE
11699140,,,14,oMYcsQUid,2,3,1696158000,villanueva-morillo-lopez-martinez,FALSE
11699141,,,10,MwQcszOId,2,3,1696149000,sawant-lipiec,FALSE
11699142,,7,,vuDsXKXc,1,3,1696165200,lazarova-bhatia,FALSE
11699143,,,16,cfUcsMtGd,1,3,1696152600,solar-donoso-jurna,FALSE
11699144,,,13,GCRsUJgd,2,3,1696152600,grechkina-fedoryshyn,FALSE
11699145,,4,,FRrbsIOid,1,3,1696152600,naharro-curras-abasolo,FALSE
11699146,,,9,FNbbsjHqd,2,3,1696149000,patil-cervino-ruiz,FALSE
11699147,,6,,HWqdsAAKd,1,3,1696152600,puvill-lee,FALSE
11699148,,,15,uAHcsKArd,2,3,1696158000,martin-manzano-busoms-puig,FALSE
11699149,,6,,AzEbsccmd,2,3,1696158000,hartig-dussin,FALSE
11699150,,5,WC,aMFbsbePd,2,3,1696163400,gonzalez-galino-izquierdo-luque,FALSE
11699151,,8,,IwccsbFPd,1,3,1696165200,alberto-shin,FALSE
11699153,1,,,qYadsphfd,1,3,1696153500,hansen-ntondele-zinga,FALSE
11699154,2,,,YircsyBAc,2,3,1696174200,battesti-willson,FALSE
11699155,1,,,FzfbshHOb,2,3,1696177500,courcoux-benamar,FALSE
11699156,1,,,ncmcsNpZc,2,3,1696171500,bougouffa-lollia,FALSE
11699157,2,WC,WC,VkrdsTEDd,2,3,1696166700,borez-boulard,FALSE
11699158,2,WC,,uZpcswRtc,2,3,1696147200,ramirez-martial,FALSE
11699159,1,,WC,bEUbsdaHd,1,3,1696147200,dvorackova-elde,FALSE
11699160,1,,,wGZcsXEDd,1,3,1696153500,cammilleri-mohamed,FALSE
11699161,2,,WC,BCrdsJtWd,2,3,1696147200,ciocan-myatovic,FALSE
11699162,1,,,xaJcsXkrd,1,3,1696167600,brun-chekanskaya,FALSE
11699163,2,,,gpFbsLwgd,2,3,1696165200,leclercq-girard,FALSE
11699164,2,,,MQRbshdhd,2,3,1696173900,podrez-bergen,FALSE
11699165,1,,,Mhddsqjfd,2,3,1696159500,munk-mortensen-arifullina,FALSE
11699166,2,WC,,iYadsZTqd,1,3,1696160700,soulie-levivier,FALSE
11699167,2,,,zXhcsdhMc,1,3,1696159800,psonka-weckerle,FALSE
11699168,2,,,pYadsQgfd,2,3,1696154100,thomas-iglesias-deppner,FALSE
11699173,2,,2,jYhcsGlIc,2,3,1696165200,ambrogi-guillen-meza,FALSE
11699185,1,8,,ZvQsCDKb,2,3,1696171500,nuudi-jokic,FALSE
11699186,1,5,,OiicsQBpc,1,3,1696162200,falkner-mair,FALSE
11699187,1,,13,lItsjckc,1,3,1696176300,hance-gamiz,FALSE
11699188,1,,15,AuDbsfNYc,2,3,1696150800,veleva-hoste-ferrer,FALSE
11699189,1,7,,llIbsPkJb,1,3,1696170900,lanca-mansouri,FALSE
11699190,2,,9,aItskBkc,1,3,1696166700,zelnickova-kolb,FALSE
11699191,1,3,,wmEbsNnFd,1,3,1696158300,moreira-maristany-zuleta-de-reales,FALSE
11699192,2,,16,ieBbsixid,2,3,1696150800,giannini-portillo-ramirez,FALSE
11699193,1,,12,UTBsRdeb,2,3,1696161600,rame-kolb,FALSE
11699194,1,1,,MadcsQJpd,1,3,1696150800,gupta-amariei,FALSE
11699195,1,WC,10,geqcsFtXd,2,3,1696156800,santos-oliveira-jorge,FALSE
11699196,2,,11,FkobsXBbc,2,3,1696167000,franco-dias-seibold,FALSE
11699197,2,6,,IZwsXuDb,1,3,1696173600,kucmova-morderger,FALSE
11699198,2,4,,HyAsxlcd,1,3,1696161600,garcia-lazaro-garcia,FALSE
11699199,1,2,,RDDbsaBuc,1,3,1696156500,garkusha-kanev,FALSE
11699200,1,,14,NoAsLnHc,1,3,1696174200,costa-araujo-morderger,FALSE
11699221,,5,,vbvbsPGOc,2,3,1696157100,mikrut-fonio,FALSE
11699222,,WC,11,xNDbsRYpc,2,3,1696158000,araujo-sanchez-jover,FALSE
11699223,,,,VfFbsqFqd,2,3,1696147200,holder-thalheimer,FALSE
11699224,,,8,dyRsMjV,2,3,1696167600,handel-dalla-valle,FALSE
11699225,,,,YuhdsXftd,1,3,1696147200,soares-liokossis,FALSE
11699226,,6,WC,tPgscxu,1,3,1696170900,falcao-laaksonen,FALSE
11699227,,1,WC,fvDbspcTb,1,3,1696163100,krutykh-coelho,FALSE
11699228,,A,7,PhfbsvLLc,2,3,1696163100,rocha-vale,FALSE
11699229,,,,yZCcszYId,1,3,1696156200,samet-almeida-junior,FALSE
11699230,,,10,POOcsDQjd,2,3,1696154400,cardinaud-nad,FALSE
11699231,,3,,AoIbslcYb,1,3,1696150800,thomson-squire,FALSE
11699232,,,,PbadsTwvd,2,3,1696147200,di-pietro-ajimi,FALSE
11699233,,,14,UmGcseypd,1,3,1696147200,elyasi-morolli,FALSE
11699234,,,12,hyJcsiKpd,2,3,1696147200,lock-munoz,FALSE
11699235,,4,A,CWxscHhb,1,3,1696169100,weis-domingues,FALSE
11699236,,,10,aODsJgMb,2,3,1696150800,forti-fanselow,FALSE
11699237,,,,cmGbsUgMc,2,3,1696147200,rae-pohjola,FALSE
11699238,,,,nLLcslFdd,1,3,1696147200,roe-flannelly-blackbeard,FALSE
11699239,,,,TCXbsiMKd,2,3,1696147200,mustafin-ichikawa,FALSE
11699240,,,,HjDdsjMWd,1,3,1696147200,ganesh-haddad,FALSE
11699241,,2,,YyqbstLLc,2,3,1696155600,faria-stodder,FALSE
11699242,,,,mcGdsHPLd,1,3,1696147200,goerdes-beldiman,FALSE
11699243,,,16,TlDdsTyLd,2,3,1696147200,cervenak-laborde,FALSE
11699244,,,,teedsvxud,2,3,1696147200,volkov-lanciaprima,FALSE
11699245,,,,YdmcsHQEc,2,3,1696147200,remander-osabuohien,FALSE
11699246,,,11,PeZcsEdhd,2,3,1696147200,ferreira-wortsman-villoslada,FALSE
11699247,,,,bKndsdFTd,1,3,1696147200,bruns-piana,FALSE
11699248,,,,ACtcsQCtc,1,3,1696147200,kouni-krattiger,FALSE
11699249,,,,UNldsHCUd,2,3,1696154400,schoen-ben-aba,FALSE
11699250,,,WC,zypsUoLc,1,3,1696147200,tremblay-nesterov,FALSE
11699251,,6,,vIIcsEQjd,1,3,1696147200,orlov-mora-clement,FALSE
11699252,,,,XPfdskCld,2,3,1696147200,toman-venturini,FALSE
11699253,,,,BJtdsFiId,1,3,1696154400,gombitova-tahiri,FALSE
11699254,,,,VePdsGtXd,1,3,1696147200,zorn-syrtveit,FALSE
11699255,,,,QegdsDiId,2,3,1696156200,gombitova-longueville,FALSE
11699256,,,,qEhbsQJed,1,3,1696147200,onofrei-umeoka,FALSE
11699257,,8,,NutdsvItd,1,3,1696147200,schipor-philibert,FALSE
11699258,,,,QzTbsmVId,1,3,1696147200,nav-sakka,FALSE
11699259,,,,HbadsbmQd,1,3,1696147200,chambonniere-schaer,FALSE
11699260,,,9,MhfcskQGc,2,3,1696147200,allen-oliver-moratalla,FALSE
11699261,,,,AtmcsNegd,2,3,1696147200,fedeli-bossi,FALSE
11699262,,7,,zvidsqnpd,1,3,1696147200,panaras-mezouar,FALSE
11699263,,,15,QEqdsNkvd,2,3,1696147200,larue-kalina,FALSE
11699264,,,13,GWAbsTtOb,1,3,1696154400,ki-lung-ng-makhlouf,FALSE
11699265,,,,RGfdspePd,2,3,1696147200,mokrov-pinto,FALSE
11699266,,,,GdKdsOoWd,1,3,1696147200,ji-qi-pan,FALSE
11699267,,,,HMIbsHtXd,2,3,1696154400,ferrarini-chehoudi,FALSE
11699268,,,,dDKcsYLWd,2,3,1696147200,falster-suviste,FALSE
11699269,,,,hfZcsVTqd,1,3,1696154400,leroux-hermassi,FALSE
11699270,,A,12,LdwbsoKnd,2,3,1696150800,pereira-barranco-cosano,FALSE
11699271,,WC,9,jwTsfnQb,2,3,1696163100,rocha-taberner,FALSE
11699272,,,,aBDsunEd,1,3,1696147200,schmitt-raman,FALSE
11699296,1,Q,,bQqcspbod,1,3,1696168500,sonobe-biolay,FALSE
11699334,,8,,gmBslxFc,2,3,1696254900,gigante-agamenone,FALSE
11699341,,,12,mZvsYNDc,2,3,1696159500,coulibaly-vatutin,FALSE
11699342,,5,,rfusXUM,1,3,1696152300,hoang-lamasine,FALSE
11699343,,,7,nXNsGTFb,2,3,1696147200,broom-wallart,FALSE
11699344,,4,A,gLFbsLkad,1,3,1696161600,debru-schell,FALSE
11699345,,,9,PPAbsElKb,1,3,1696154400,gobat-habib,FALSE
11699346,,3,WC,jCVshObd,1,3,1696147200,sabas-bellier,FALSE
11699347,,2,,dYwsKgMc,2,3,1696176000,kasnikowski-karlovskiy,FALSE
11699348,,,8,omzsicib,2,3,1696169700,bertola-poljak,FALSE
11699349,,WC,10,yEqsEGFd,2,3,1696182300,martin-de-schepper,FALSE
11699350,,A,11,RoLcsMEdd,2,3,1696166400,gea-bertrand,FALSE
11699351,,1,A,hMqsOCV,1,3,1696173300,liutarevich-vesely,FALSE
11699352,,6,A,caEbsOKDc,1,3,1696165200,fery-galloway,FALSE
11699361,2,Q,2,gcIbsnvOb,2,3,1696179600,draxl-grant,FALSE
11699386,2,1,8,MCvsOyU,1,3,1696189200,zarazua-townsend,FALSE
11699387,,1,,AousdOKc,1,3,1696165200,claverie-dutra-da-silva,FALSE
11699388,,WC,11,oGgsJtXd,2,3,1696165200,albieri-pereira,FALSE
11699389,,A,9,NNPbsgajc,1,3,1696165200,saraiva-dos-santos-klier-junior,FALSE
11699390,,A,10,YcgcsAlGc,1,3,1696185600,kuzuhara-gimenez,FALSE
11699391,,2,WC,WGncsetVd,2,3,1696171500,wendler-filho-boscardin-dias,FALSE
11699392,,4,A,VyUsYzY,1,3,1696179000,roveri-sidney-luz,FALSE
11699393,,3,WC,Xevcsxmwc,1,3,1696168800,bicknell-cury-bueres,FALSE
11699394,,A,7,McpsBlB,2,3,1696175100,sakamoto-zeballos,FALSE
11699395,,A,12,xwEsUzVb,2,3,1696179300,nusdeo-zormann,FALSE
11699396,,5,WC,BVGbsKtXd,1,3,1696175400,ono-alves,FALSE
11699397,,6,A,FnpsGuJb,1,3,1696185300,tosetto-mena,FALSE
11699398,,A,8,COwsUKgd,2,3,1696181100,schiessl-leite,FALSE
11699416,,,,ooFdsVGFd,2,3,1696181400,surdo-andrade-benedetti,FALSE
11699417,,,,BQDcscJGc,2,3,1696172400,acosta-cano,FALSE
11699418,,WC,,YHodsjNRd,1,3,1696172400,meneo-grandinetti,FALSE
11699419,,,WC,FnldsaHFd,1,3,1696181400,bianciotti-kurz-cardozo,FALSE
11699420,,,,YtbdsJPid,1,3,1696181400,eduarda-lages-sfilio,FALSE
11699421,,7,,AOicsQmDc,1,3,1696161600,leal-alarcon,FALSE
11699422,,,,FZysuZR,1,3,1696172400,vidal-toma,FALSE
11699423,,WC,,FvibsCNRd,,3,1696172400,messa-derdoy,TRUE
11699424,,,,immdsMtXd,2,3,1696181400,martinez-abbona-bia-bernardes,FALSE
11699425,,,10,EnldsLbGd,2,3,1696161600,aguilar-cardozo-correa-beguerie,FALSE
11699426,,,,qxqbsgAGb,2,3,1696181400,reayer-ramirez-mesina,FALSE
11699427,,6,,Mqocsgvid,2,3,1696161600,estevez-karakachian,FALSE
11699428,,WC,,DpBcsLtXd,1,3,1696181400,martaux-berta,FALSE
11699429,,,15,PqocsOpJd,2,3,1696172400,dedura-palomero-cundom,FALSE
11699430,,,,IEVsCOic,2,3,1696172400,salazar-bruna,FALSE
11699431,,,,qKGcsfnEd,2,3,1696161600,rajput-porras-buezo,FALSE
11699432,,WC,,dWudsKbGd,,3,1696161600,giovanniello-dadino,TRUE
11699433,,,WC,JVDcsaIod,1,3,1696172400,mastri-estevarena,FALSE
11699434,,,,EcecsoFbd,2,3,1696161600,greco-oliveira,FALSE
11699435,,,14,piccsIPGc,2,3,1696161600,vilicich-riva,FALSE
11699436,,,,GDkdsZmRd,2,3,1696161600,oberto-calleri-mariani,FALSE
11699437,,,9,iDwcsdQDc,1,3,1696161600,mouilleron-salvo-cigarran,FALSE
11699438,,2,,gJwbspvNb,1,3,1696181400,tenti-abde-celis,FALSE
11699439,,,11,BQGcsXNbd,2,3,1696161600,fagotti-simonit,FALSE
11699440,,5,,zcmdsZhnd,1,3,1696172400,ortiz-gamonal-ratti,FALSE
11699441,,1,,cKecsDDkd,1,3,1696161600,russo-barreiros-reyes,FALSE
11699442,,,16,kVbcsmoFd,2,3,1696172400,andreazzini-poj,FALSE
11699443,,,,xocbsgJqb,2,3,1696172400,ciurletti-lucero,FALSE
11699444,,WC,,qiIdszNRd,1,3,1696161600,zanuttini-oneill,FALSE
11699445,,,,dKGcsyRjd,1,3,1696172400,oliveira-torrales-tebes,FALSE
11699446,,,15,Ynedsmxid,2,3,1696172400,bueno-rodriguez,FALSE
11699447,,,,dvidsloFd,2,3,1696161600,sosa-burstein,FALSE
11699448,,,,ZGFdsfFQd,2,3,1696161600,norton-rodriguez,FALSE
11699449,,,WC,yYmdsjoFd,1,3,1696181400,graff-floris,FALSE
11699450,,,,dYmdsHmRd,2,3,1696181400,marquez-markus,FALSE
11699451,,,WC,oHwcsJlvd,2,3,1696161600,fernandez-diaz,FALSE
11699452,,,,PVLcsxDYc,1,3,1696161600,basel-hollender,FALSE
11699453,,,,BTodsZrId,2,3,1696172400,frutos-amarilla,FALSE
11699454,,4,,uRObsGxhd,2,3,1696161600,fernandez-falabella,FALSE
11699455,,,,dMUbsGnld,2,3,1696161600,matulovich-bermejo,FALSE
11699456,,WC,,rRjdspYmd,2,3,1696172400,guerrero-cereso,FALSE
11699457,,,13,TNbdsdObd,1,3,1696172400,martinez-de-dios,FALSE
11699458,,,,KTHdsBiId,1,3,1696172400,bibiloni-salinas,FALSE
11699459,,3,,iCebsoAzb,2,3,1696161600,bruna-ortiz,FALSE
11699460,,,12,niccsLoHd,2,3,1696172400,valente-gagliardo,FALSE
11699461,,,,kNHcspoFd,2,3,1696181400,obeid-rabin,FALSE
11699462,,,14,xJtdsLqFd,2,3,1696181400,gonzalez-daniele-moron,FALSE
11699463,,,,zmgcsUGFd,2,3,1696172400,serrano-karlau,FALSE
11699464,,WC,16,MbwcsLKod,1,3,1696172400,buslje-monferrer,FALSE
11699465,,,,WGcdsImRd,2,3,1696161600,rodero-contreras-san-martin-ramirez,FALSE
11699466,,8,,ZCwcsevid,1,3,1696172400,zeitune-hess,FALSE
11699809,,6,WC,PvibsDRUd,1,3,1696179600,burnett-gomez,FALSE
11699812,,A,9,hIycsTKIc,2,3,1696189200,quinn-mayo,FALSE
11699813,,5,,FUzbsoTmd,2,3,1696179600,basavareddy-langmo,FALSE
11699814,,,11,bXRsOQHb,1,3,1696179600,holmgren-cozbinov,FALSE
11699815,,,8,RxAsrkHc,1,3,1696185300,moller-kwiatkowski,FALSE
11699816,,A,7,jfNscRdb,1,3,1696191900,perez-kirchheimer,FALSE
11699817,,2,WC,mMCsVyKc,1,3,1696196100,rivera-mansouri,FALSE
11699818,,3,WC,VPRbsrZVb,2,3,1696185300,johns-kumar,FALSE
11699819,,1,,aQHbseLcc,2,3,1696202700,kingsley-holt,FALSE
11699820,,4,,NicbsURob,1,3,1696195500,zhu-ponwith,FALSE
11699821,,,10,vEBsvHRb,1,3,1696190100,chidekh-schnur,FALSE
11699822,,WC,12,QjHszYqd,,3,1696194000,svajda-escobedo,FALSE
11700010,,8,,MbIbsyPDc,1,3,1696204800,nicolas-thompson,FALSE
11700011,,5,,RvQcsbUjd,1,3,1696213800,dennehy-micic,FALSE
11700012,,7,,exIbsmULc,1,3,1696213800,markov-mcgiffin,FALSE
11700013,,,15,dXXbsNEEd,1,3,1696213800,sandhu-poulos,FALSE
11700014,,,10,TKUbsjyfc,1,3,1696213800,ryan-ziegann-bayldon,FALSE
11700015,,,10,DamdserXd,2,3,1696213800,chan-cvijanovic,FALSE
11700016,,,14,klgcsFlfd,1,3,1696204800,marinkov-hong-lin-fu,FALSE
11700017,,1,,BOKsJMgc,1,3,1696204800,birrell-wiersholm,FALSE
11700018,,6,,gbZsfULc,1,3,1696213800,howe-papac,FALSE
11700019,,,9,aCtbsOKLc,2,3,1696204800,fairclough-xiangruyi-ji,FALSE
11700020,,,14,iPXsKgnd,2,3,1696204800,kim-osafune,FALSE
11700021,,7,,XhKcsVXed,1,3,1696213800,viiala-crowther,FALSE
11700022,,8,,dNDbsDMgc,1,3,1696213800,oster-delaney-je,FALSE
11700023,,5,,qnLbsvwud,1,3,1696213800,babakian-tajima,FALSE
11700024,,,15,BlqdspnWd,2,3,1696204800,richards-chen-yu-lu,FALSE
11700025,,,16,CmTbsnnWd,2,3,1696204800,kose-hulme,FALSE
11700026,,3,,RUBbsxrKb,2,3,1696204800,talic-dumitru,FALSE
11700027,,4,,ggpcsRtXd,1,3,1696204800,kawane-lea-ma,FALSE
11700028,,,13,jlqdsgRHd,2,3,1696213800,elia-wang,FALSE
11700029,,6,,JBtcsLJZc,2,3,1696204800,gilheany-chilakalapudi,FALSE
11700030,,,13,vOXcsmwud,2,3,1696213800,santitto-nayar,FALSE
11700031,,,16,beudsnHFd,1,3,1696213800,korhonen-cui,FALSE
11700032,,4,,pdlcsIEQc,2,3,1696204800,cook-karpinski,FALSE
11700033,,3,,tjEsoHFd,1,3,1696213800,khan-eto,FALSE
11700034,,,9,ZUBbsirXd,2,3,1696213800,pese-fields,FALSE
11700035,,,11,HaEbsXBhc,2,3,1696204800,hasegawa-chikaraishi,FALSE
11700036,,2,,bCkcswJId,1,3,1696204800,katz-krish,FALSE
11700037,,1,,KdPsffZb,1,3,1696204800,fry-horvit,FALSE
11700038,,2,,kvLbsNjvd,1,3,1696204800,callaghan-ferguson,FALSE
11700039,,,12,DNBcsGamd,1,3,1696213800,yan-atturu,FALSE
11700040,,,12,BQZcsZmld,1,3,1696204800,vuglar-inoue,FALSE
11700041,,,11,EYGsuHEd,2,3,1696213800,vickery-bataljin,FALSE
11700066,,,11,HhEstpoc,2,3,1696159800,kardzhiev-deari,FALSE
11701137,,7,,uyfcsYhdd,1,3,1696244400,zelinskaya-cassani,FALSE
11701138,,,14,KJqcsHUHd,1,3,1696237200,shetty-singh,FALSE
11701139,,,11,ElqdsaVud,1,3,1696244400,smolenova-udina,FALSE
11701140,,6,,tbwcswGFd,1,3,1696237200,schaedel-moccia,FALSE
11701141,,,16,JrHbsthMb,2,3,1696244400,zheng-rachapudi,FALSE
11701142,,5,,qvhdsvcGd,2,3,1696237200,jumazhanova-ibrahim,FALSE
11701143,,8,,xFocsDPrd,1,3,1696244400,cembranos-lammas,FALSE
11701144,,4,,frNsUkRc,1,3,1696228200,veldman-zueva,FALSE
11701145,,3,,VBacsjWGc,2,3,1696228200,nikolenko-nava-elkin,FALSE
11701146,,2,,IgndsHnHd,1,3,1696228200,martellenghi-charles,FALSE
11701147,,,13,JLfcsCjVd,1,3,1696237200,yakovleva-medeghini,FALSE
11701148,,,12,rEGcsONbd,2,3,1696228200,havermans-peretti,FALSE
11701149,,,10,ciObsGcdc,2,3,1696237200,formella-yakimakho,FALSE
11701150,,,15,UpjbsBKtd,2,3,1696228200,drozd-stuart,FALSE
11701151,,,9,qyZcsWhId,1,3,1696237200,piskareva-massetti,FALSE
11701152,,1,,Ptddsaxfd,1,3,1696228200,bednarz-baratto,FALSE
11701154,,,,fEOsXwud,2,3,1696159800,vladimirov-shandarov,FALSE
11701155,,A,,mhCbsHXhc,1,3,1696149000,lalami-laaroussi-damas,FALSE
11701233,,,A,tOmbsjTtc,1,3,1696150800,junge-ilges-masic,FALSE
11701265,,,16,VTtcsxqUd,2,3,1696217400,goshima-nakashima,FALSE
11701266,,6,,ilvsZupc,1,3,1696217400,katsumi-hsieh,FALSE
11701267,,7,,wLNbsnymd,1,3,1696206600,matsuda-uchiyama,FALSE
11701268,,,14,oincsQOLd,2,3,1696206600,miyata-kato,FALSE
11701269,,3,,zNXbsLKbc,1,3,1696206600,shibata-naklo,FALSE
11701270,,2,WC,UGRbsVtXd,1,3,1696206600,tosaka-kozaki,FALSE
11701271,,4,,AVOscZfc,1,3,1696206600,nishimoto-saigo,FALSE
11701272,,5,,HoEdsZEMd,1,3,1696217400,tamura-nishimura,FALSE
11701273,,,9,zupcsgTJd,2,3,1696217400,kikawada-sato,FALSE
11701274,,WC,12,LNHcsFmFd,2,3,1696217400,tsuda-kondo,FALSE
11701275,,1,,UUlbsTzKd,1,3,1696206600,hiroshima-lee,FALSE
11701276,,,11,IaEbsryBc,2,3,1696206600,matsumoto-higashitani,FALSE
11701277,,8,,FCkbsJaEb,1,3,1696217400,nagata-furuya,FALSE
11701278,,WC,13,FadcsTtXd,2,3,1696217400,suzuki-ozeki,FALSE
11701279,,WC,10,oqXsUtXd,2,3,1696206600,kinoshita-hosonuma,FALSE
11701280,,WC,15,iGabsfPLd,2,3,1696217400,hirata-matsumoto,FALSE
11701281,,A,WC,KWecsEdKd,2,3,1696161600,vidunov-tasenkov,FALSE
11701298,,A,12,jHUsHXhc,2,3,1696237200,lalami-laaroussi-barroso-campos,FALSE
11701327,,11,,JPHbsVAuc,2,3,1696219200,mochizuki-tseng,FALSE
11701328,,WC,21,qjkcscOKc,2,3,1696227300,mccabe-xiao,FALSE
11701329,,3,7,jCVsGTFb,2,3,1696235400,broom-bellier,FALSE
11701330,,7,,ignbsnAqc,2,3,1696243500,palan-harris,FALSE
11701331,,9,,lZrsELGb,1,3,1696238700,hsu-zekic,FALSE
11701333,,2,,icAbsqNXb,1,3,1696230900,zakharov-kovacevic,FALSE
11701334,,4,,pnHsDdtc,1,3,1696219200,kachmazov-polmans,FALSE
11701335,,,18,cTqsrOG,2,3,1696219200,jasika-napolitano,FALSE
11701336,,,14,rPgsPCt,1,3,1696219200,uchiyama-donskoy,FALSE
11701337,,,24,urysNtpb,1,3,1696242600,sun-bolt,FALSE
11701338,,,15,WtAsFfTb,1,3,1696244400,zhukayev-jung,FALSE
11701339,,,13,rNusYAEb,2,3,1696228200,sinclair-li-tu,FALSE
11701340,,3,,lUpsDRwb,1,3,1696225200,haliak-duckworth,FALSE
11701341,,12,,CjOsEHzb,1,3,1696219200,kirkin-hong,FALSE
11701342,,,23,BxusjMN,1,3,1696226100,lock-giustino,FALSE
11701343,,WC,20,XqvsKnFd,2,3,1696233000,zhou-yevseyev,FALSE
11701344,,8,,mUpsqGcb,2,3,1696236900,nagal-saville,FALSE
11701345,,5,,qZmsEyjc,1,3,1696238700,atmane-moriya,FALSE
11701346,,,17,EbIsGOuc,1,3,1696243500,sekulic-uchida,FALSE
11701347,,10,,IKusWEpb,1,3,1696237200,tung-lin-wu-gerasimov,FALSE
11701348,,6,,eyLbsnkYb,2,3,1696242600,weber-shimabukuro,FALSE
11701349,,1,,xbGbscZUb,1,3,1696231800,hijikata-gengel,FALSE
11701350,,WC,19,BmTbsVNKc,2,3,1696222800,hanwen-li-sweeny,FALSE
11701351,,WC,22,YAosQvH,2,3,1696242600,hoang-nam-ly-diez,FALSE
11701352,,WC,16,IIgspyGb,2,3,1696237500,mu-kukushkin,FALSE
11701385,,WC,A,KbGdskuXd,1,3,1696161600,marot-giovanniello,FALSE
11701386,,5,,rfusElKb,2,3,1696235400,gobat-lamasine,FALSE
11701444,,5,9,RlhsiUZ,1,3,1696237200,cukierman-cox,FALSE
11701471,,,12,LdwbstLLc,2,3,1696237200,faria-barranco-cosano,FALSE
11701472,,3,10,AoIbsJgMb,2,3,1696237200,forti-squire,FALSE
11701473,,,11,xNDbsPGOc,1,3,1696237200,mikrut-sanchez-jover,FALSE
11701486,1,6,,nvJbshzCc,2,3,1696233600,mikaca-alkio,FALSE
11701487,2,,12,nAVbsEQMd,2,3,1696240200,lanisek-matos-sequeira-fernandes,FALSE
11701490,2,8,,wDDbslrac,1,3,1696248600,borodulina-bebic,FALSE
11701491,2,3,,WubdsTtdd,1,3,1696248300,ignjatic-slaba,FALSE
11701492,1,WC,16,NCHdsNoWd,2,3,1696233600,serban-inisan,FALSE
11701493,1,4,,RwbbsymQb,2,3,1696238400,voracek-pislak,FALSE
11701494,2,,9,tcecsVYTd,2,3,1696241400,vogt-munteanu,FALSE
11701495,2,1,,FbJbsPlUb,1,3,1696233600,sposetti-nylander-altelius,FALSE
11701496,1,,,NUbcsPunc,2,3,1696254600,zamberlani-krznaric,FALSE
11701497,1,,14,GPGcsqcGd,1,3,1696233600,polakovicova-nikcevic,FALSE
11701499,1,2,,aKqcsxoWd,1,3,1696243200,langlais-pochtovyk,FALSE
11701509,,4,,VBvsiCld,1,3,1696237200,gulin-damm,FALSE
11701521,,,,PutdsPWTd,2,3,1696231800,benson-shumsky,FALSE
11701522,,7,,bEOsAhLb,2,3,1696231800,baiant-milushev,FALSE
11701523,,6,,zOZbsjbVc,2,3,1696231800,schinteie-bueno-gil,FALSE
11701524,,3,,zewcsmRHc,1,3,1696228200,genov-aregger,FALSE
11701525,,,,czzsiBjd,2,3,1696228200,van-den-ham-shevkedov,FALSE
11701526,,5,,dEOslHOc,1,3,1696231800,bill-shandarov,FALSE
11701527,,2,,ojDdsrtGd,2,3,1696237200,marinov-chayka,FALSE
11701528,,,,PrDbskBVd,2,3,1696228200,iliescu-repkin,FALSE
11701529,,,9,XOfdsboWd,2,3,1696228200,norrman-meduri,FALSE
11701530,,,10,lcVcsAeed,1,3,1696237200,cattaneo-jakupi,FALSE
11701531,,8,,XyCbsECUd,2,3,1696228200,torcq-sakellaridis,FALSE
11701532,,,12,bKecsEObd,2,3,1696244400,mikkelsen-anand,FALSE
11701533,2,1,11,HhEsugDb,2,3,1696237200,vanta-deari,FALSE
11701534,,6,12,OKDcsYNDc,1,3,1696239900,coulibaly-fery,FALSE
11701535,,2,,BBlbsNOOc,1,3,1696243200,pokorny-echargui,FALSE
11701536,2,4,,uZpcsViLc,1,3,1696235400,laki-martial,FALSE
11701537,2,,10,bItswGZc,2,3,1696229700,mohamed-melnikova,FALSE
11701538,2,,16,VPUcsqjfd,1,3,1696248000,munk-mortensen-noel,FALSE
11701539,1,1,,qNLspYad,1,3,1696236600,deppner-grey,FALSE
11701540,2,,15,dxYbsdhMc,2,3,1696230000,psonka-dal,FALSE
11701541,2,2,,IlCbsqYad,1,3,1696229700,ntondele-zinga-morvayova,FALSE
11701542,2,3,WC,pWrcsZTqd,1,3,1696246800,soulie-kubka,FALSE
11701543,1,WC,13,ohrsJtWd,2,3,1696238400,ciocan-lizarazo,FALSE
11701544,1,,12,bEUbsaUqd,2,3,1696235400,ibragimova-elde,FALSE
11701555,2,6,12,gYadsHWqd,1,3,1696233000,lee-tatu,FALSE
11701556,2,2,13,UJgdsyrtd,1,3,1696239000,jamrichova-grechkina,FALSE
11701557,1,3,15,yzvsulod,1,3,1696240200,bartlett-muntean,FALSE
11701558,2,4,10,EcccsMwQc,2,3,1696233600,lipiec-dakovic,FALSE
11701559,1,5,,lxpcsMtGd,1,3,1696233600,solar-donoso-reami,FALSE
11701561,,1,9,jwTspcTb,1,3,1696246200,krutykh-taberner,FALSE
11701562,1,,15,JLhcsTmEd,2,3,1696249200,wirglerova-barnes,FALSE
11701563,2,,10,NCtcsrUud,2,3,1696251600,otzipka-heinzova,FALSE
11701565,1,6,,UuKsxaJc,1,3,1696242300,chekanskaya-christie,FALSE
11701605,,4,11,RoLcsLkad,2,3,1696244400,debru-bertrand,FALSE
11701606,2,5,9,uoysUnjc,2,3,1696239000,fossati-martin,FALSE
11701607,1,4,11,ZWQsLfGc,1,3,1696233600,caruso-reitano,FALSE
11701608,2,6,,ELhcsNiuc,1,3,1696240500,misasi-strauch,FALSE
11701609,2,7,16,VCRspZLb,1,3,1696241100,dessi-ricca,FALSE
11701610,1,,,hqHbsYEvc,2,3,1696239600,chvets-loccisano,FALSE
11701611,1,2,,bIJbskxFc,1,3,1696233600,marino-dellelba,FALSE
11701612,1,,,rwgsPKqc,2,3,1696240800,andaloro-de-bakker,FALSE
11701613,2,3,14,trwbseMUb,1,3,1696233600,di-natale-loccisano,FALSE
11701614,2,,,oePbspFmc,2,3,1696247100,picchione-gadamauri,FALSE
11701615,2,3,,quRbsZCcd,2,3,1696248000,piraino-rottoli,FALSE
11701616,2,1,WC,jfysdnGc,1,3,1696243200,pampanin-oliveira,FALSE
11701617,1,1,13,fcYbsGkqc,1,3,1696233600,la-vela-liucci,FALSE
11701626,2,5,WC,DDGcsVkrd,1,3,1696230000,boulard-radovanovic,FALSE
11701627,1,7,,XgisgpFb,2,3,1696251300,girard-ozgen,FALSE
11701631,2,,10,YDjbsffJd,2,3,1696245600,jarzaguet-calzi,FALSE
11701632,2,4,,AcmcsBGFd,2,3,1696244400,rocci-garcian,FALSE
11701633,2,3,16,oyZsmyQb,2,3,1696248900,bertimon-boureau,FALSE
11701634,2,6,15,PbvbsWYDd,1,3,1696236900,wallner-pierre,FALSE
11701635,2,WC,,TItdsMAMd,2,3,1696237200,vitter-colne,FALSE
11701640,,6,8,tPgsdyR,2,3,1696245300,dalla-valle-laaksonen,FALSE
11701643,1,WC,14,ZaIsmIrc,2,3,1696248000,elamin-zayed,FALSE
11701645,2,3,,DkLcsvtbd,1,3,1696254000,sharma-trochu,FALSE
11701646,2,1,,jqwcsxiGc,1,3,1696254900,pel-alhassani,FALSE
11701648,2,7,,tanbsmETd,1,3,1696248000,bortune-vujic,FALSE
11701651,,,9,vIospgRb,1,3,1696254000,ben-abdennibi-fufygin,FALSE
11701653,2,,13,hbLdsruXd,2,3,1696248000,bangargi-stephens,FALSE
11701655,2,,16,PdvcsygJd,2,3,1696248000,madhavan-shtengelov,FALSE
11701656,2,2,,NigcsRwuc,1,3,1696254600,sorensen-deschamps,FALSE
11701661,1,8,11,duusIwcc,1,3,1696244100,shin-parres-azcoitia,FALSE
11701662,1,7,14,vuDsoMYc,2,3,1696254900,lopez-martinez-bhatia,FALSE
11701666,,3,,MLUsywCc,1,3,1696241400,blanch-harris,FALSE
11701667,,A,,FvibsnWed,2,3,1696172400,bianchi-derdoy,FALSE
11701668,,1,A,Aousgajc,1,3,1696251600,saraiva-dos-santos-dutra-da-silva,FALSE
11701680,,,16,CXhsbAjd,2,3,1696233600,greco-klaffner,FALSE
11701681,,,13,jaFbsibJc,2,3,1696233600,la-cagnina-carbonaro,FALSE
11701682,,,15,kGncsvXYc,2,3,1696233600,teodosescu-alvisi,FALSE
11701683,,,14,NTkcsocVc,2,3,1696237200,urgesi-paterno,FALSE
11701684,,,12,czqcsebBc,1,3,1696233600,kozakova-mintegi-del-olmo,FALSE
11701689,,1,10,kLysnpI,2,3,1696242000,santillan-caruso,FALSE
11701697,1,4,10,HyAsgeqc,1,3,1696246500,jorge-lazaro-garcia,FALSE
11701698,1,2,15,AuDbsRDDb,2,3,1696237200,kanev-hoste-ferrer,FALSE
11701699,2,,11,ZvQsFkob,1,3,1696242300,seibold-jokic,FALSE
11701700,1,1,16,ieBbsMadc,1,3,1696237200,amariei-portillo-ramirez,FALSE
11701701,2,3,12,RdebswmEb,1,3,1696236900,maristany-zuleta-de-reales-rame,FALSE
11701702,,4,11,XKccsGwYc,1,3,1696233600,lanik-puskar,FALSE
11701703,,5,WC,xoIbskWed,1,3,1696233600,hausberger-zahraj,FALSE
11701704,,,11,qEGcsWEDd,1,3,1696233600,firman-odorizzi,FALSE
11701705,,,15,vRtcskqHd,2,3,1696244400,kargina-junge-ilges,FALSE
11701706,,3,12,MbPsCjuc,2,3,1696233600,carnevalle-panak,FALSE
11701707,,6,,PiBbsDugd,1,3,1696244400,sopkova-traversi,FALSE
11701708,,3,,TkRstOmb,2,3,1696233600,masic-vojcinakova,FALSE
11701709,,,10,BCacsFwYc,2,3,1696233600,michalik-zund,FALSE
11701710,,8,14,kRHcstlcd,1,3,1696233600,simundza-kupcic,FALSE
11701711,,2,14,uKIcsOjbd,1,3,1696235400,balus-semenistaja,FALSE
11701712,,6,9,GawcsoTfd,1,3,1696233600,fix-malgiaritta,FALSE
11701713,,8,12,bXcdsQBkd,2,3,1696244400,ionescu-slavikova,FALSE
11701714,,1,13,EJpdsvutd,2,3,1696233600,mikovic-agwi,FALSE
11701715,,7,9,akEcsQzjd,2,3,1696240800,bulat-vanik,FALSE
11701716,,,15,GMrcsCItd,2,3,1696233600,jeran-dimic,FALSE
11701717,,,12,ghndsYLWd,1,3,1696233600,falster-rathi,FALSE
11701718,,,13,vKIcsHjDd,1,3,1696233600,haddad-roots,FALSE
11701719,,7,,kCZbsYdmc,1,3,1696233600,osabuohien-rojas,FALSE
11701720,,,15,QEqdsXftd,2,3,1696233600,soares-kalina,FALSE
11701721,,8,,NutdsGdKd,1,3,1696233600,pan-philibert,FALSE
11701722,,2,,cmGbsWTUc,2,3,1696233600,faucon-pohjola,FALSE
11701723,,,10,gjPcsbKnd,2,3,1696233600,piana-rothensteiner,FALSE
11701724,,,16,RGfdsTlDd,1,3,1696233600,laborde-pinto,FALSE
11701725,,3,,wpEcsTwvd,1,3,1696233600,di-pietro-arangio,FALSE
11701726,,,9,TgZcsQegd,1,3,1696233600,longueville-rakki,FALSE
11701727,,,11,GupcsHCUd,2,3,1696233600,schoen-vinahradava,FALSE
11701728,,2,,vNUbsFiId,1,3,1696233600,gombitova-jamshidi,FALSE
11701729,,6,,rDicsmcGd,1,3,1696233600,beldiman-mozgaleva,FALSE
11701730,,,16,HMIbsMuRb,1,3,1696233600,sodeyama-chehoudi,FALSE
11701731,,5,,zypsXTYb,2,3,1696233600,brown-nesterov,FALSE
11701732,,5,,GKXcsJQjd,1,3,1696233600,frant-berriri,FALSE
11701733,,4,,zQjdsunEd,1,3,1696233600,schmitt-maute,FALSE
11701734,,,15,vWedsvxud,2,3,1696233600,volkov-bathellier,FALSE
11701735,,,10,POOcsqFqd,2,3,1696233600,holder-nad,FALSE
11701736,,,9,MhfcsHbad,2,3,1696233600,schaer-oliver-moratalla,FALSE
11701737,,7,,XPfdsqnpd,1,3,1696233600,panaras-venturini,FALSE
11701738,,1,,wrLbsnpKc,1,3,1696233600,bargaoui-gulin,FALSE
11701739,,,,TtObsyZCc,1,3,1696233600,almeida-junior-ki-lung-ng,FALSE
11701740,,6,,hfZcsEQjd,2,3,1696233600,orlov-hermassi,FALSE
11701741,,,,TCXbsUmGc,2,3,1696233600,morolli-ichikawa,FALSE
11701742,,1,,tcibsmVId,1,3,1696233600,nav-tessa,FALSE
11701743,,,12,ACtcshyJc,2,3,1696233600,munoz-krattiger,FALSE
11701744,,,14,YtwbsVePd,1,3,1696233600,syrtveit-mihail,FALSE
11701745,,4,,AtmcsxKIc,2,3,1696233600,varul-bossi,FALSE
11701746,,8,,iMpdszuXd,1,3,1696233600,batkiewicz-bjork,FALSE
11701747,,3,,iODbslFdd,1,3,1696233600,roe-flannelly-salazar,FALSE
11701748,,,11,PeZcsQJed,2,3,1696233600,onofrei-villoslada,FALSE
11701749,,3,7,BlBsxmwc,2,3,1696251600,bicknell-sakamoto,FALSE
11701752,,WC,11,oGgsetVd,2,3,1696251600,wendler-filho-pereira,FALSE
11701761,,WC,A,TuccszYqd,1,3,1696197300,svajda-trotter,FALSE
11701779,2,,9,AXEsFzfb,1,3,1696245000,benamar-wagner,FALSE
11701780,1,4,9,FRrbsPQOb,1,3,1696233600,iamachkine-curras-abasolo,FALSE
11701781,1,WC,11,CqbcsbePd,2,3,1696241400,gonzalez-galino-zusman,FALSE
11701782,1,,11,gRkbshdhd,1,3,1696239300,podrez-zaar,FALSE
11701783,1,,,WKccsccmd,2,3,1696239600,hartig-brosset,FALSE
11701784,2,3,16,ZrNbslvid,1,3,1696233600,regas-luis-sheyngezikht,FALSE
11701785,1,,14,nJkcsNpZc,2,3,1696246200,bougouffa-lopatetska,FALSE
11701786,2,8,15,RlKbsKArd,1,3,1696239000,martin-manzano-minin,FALSE
11701787,1,1,,eNBcsjFdd,1,3,1696233600,goldberg-alviani-nedelchev,FALSE
11701788,2,8,,yBAcsvgXc,1,3,1696241400,iliev-battesti,FALSE
11701839,,4,7,cHhbsvLLc,1,3,1696247100,rocha-weis,FALSE
11701840,,1,8,hMqsicib,2,3,1696250100,bertola-vesely,FALSE
11701841,1,7,,llIbsLnHc,1,3,1696252200,costa-araujo-mansouri,FALSE
11701842,2,5,,jckcsQBpc,1,3,1696250700,falkner-hance,FALSE
11701843,2,6,,aItsXuDb,1,3,1696247100,kucmova-kolb,FALSE
11701877,2,2,13,JbebsOwod,1,3,1696252800,jucha-bouquet,FALSE
11701917,,,15,AlBcsvHQd,2,3,1696230000,clark-ibrahim,FALSE
11701918,,,9,NKQbsNVqd,1,3,1696244400,kahsay-popyrin,FALSE
11701919,,,16,jBMsdLmd,2,3,1696230000,varzandeh-el-sallaly,FALSE
11701920,,WC,,KWecslXcd,2,3,1696239000,kukasian-tasenkov,FALSE
11701921,,3,,fiBbsLhMc,1,3,1696230000,ridout-van-rensburg,FALSE
11701922,,7,,ybkcsgrfd,2,3,1696244400,leather-sibille,FALSE
11701923,,2,WC,cMgsYKKb,1,3,1696230000,jones-uzhylovsky,FALSE
11701924,1,7,14,XYLbsYPfd,1,3,1696248000,baumgartner-cekirge,FALSE
11701925,,,11,OOvcsGrfd,1,3,1696230000,nielsen-sada,FALSE
11701926,,5,,NupcsVHyc,1,3,1696230000,tanner-macherla,FALSE
11701927,,,10,hLqcstXKd,2,3,1696244400,bastiaansen-castelletti,FALSE
11701928,,4,,aFocsoBVd,1,3,1696244400,herman-filar,FALSE
11701929,,8,,hhfdslbXd,2,3,1696239000,mabrouk-ianin,FALSE
11701930,,,12,KBdcsrzLc,1,3,1696239000,fumagalli-taddia,FALSE
11701931,,,13,fGncsDtdd,1,3,1696239000,mossur-el-feky,FALSE
11701932,,,14,ntKbsZtkc,2,3,1696230000,murgett-troebinger,FALSE
11701933,1,2,WC,nfgdsnvMd,1,3,1696248000,roche-alcaya-cesar-porras,FALSE
11701934,,1,,DfPbsMArd,1,3,1696230000,bilardo-militi-ribaldi,FALSE
11702042,,,10,yEqsdYw,1,3,1696246200,karlovskiy-de-schepper,FALSE
11702214,,8,,IEVsZCwc,1,3,1696251600,hess-bruna,FALSE
11702216,,,WC,iCebsLtXd,1,3,1696251600,martaux-ortiz,FALSE
11702217,,,12,gJqbsnicc,1,3,1696251600,gagliardo-ciurletti,FALSE
11702218,,1,,EcecscKec,1,3,1696251600,barreiros-reyes-oliveira,FALSE
11702220,,WC,14,IPGcsjNRd,2,3,1696251600,meneo-vilicich,FALSE
11702221,,,15,BTodsOpJd,1,3,1696251600,dedura-palomero-amarilla,FALSE
11702222,,WC,,dObdsJlvd,2,3,1696251600,fernandez-martinez,FALSE
11702224,,5,,zcmdsBiId,1,3,1696251600,bibiloni-ratti,FALSE
11702225,,7,,QmDcsaIod,2,3,1696251600,mastri-leal,FALSE
11702230,,,WC,GnldsLKod,1,3,1696251600,buslje-matulovich,FALSE
11702232,,WC,10,KbGdsLbGd,2,3,1696251600,aguilar-cardozo-giovanniello,FALSE
11702238,,,,FvibsMqoc,2,3,1696251600,karakachian-derdoy,FALSE
11702241,,2,,pvNbsGDkd,1,3,1696251600,mariani-tenti,FALSE
11702242,,,,GxhdsZGFd,1,3,1696251600,rodriguez-fernandez,FALSE
11702243,,,,dQDcsFnld,2,3,1696251600,kurz-cardozo-mouilleron-salvo,FALSE
11702244,,,11,BQGcsxDYc,1,3,1696251600,basel-simonit,FALSE
11702248,2,2,,bzTswBdd,2,3,1696254900,lincer-noel,FALSE
11703221,1,4,,PrDbsqutd,1,3,1696249500,ivanov-repkin,FALSE
11703236,,WC,10,uEfdsQjkd,1,3,1696244400,safta-kotlikova,FALSE
11703242,1,,9,XOfdsECUd,1,3,1696242600,torcq-meduri,FALSE
11703331,2,3,,mRHcsiBjd,1,3,1696244400,van-den-ham-genov,FALSE
11703442,1,1,,tcibsRGfd,1,3,1696249800,pinto-tessa,FALSE
11703443,2,3,15,iODbsQEqd,2,3,1696249800,kalina-salazar,FALSE
11703444,1,,12,cmGbshyJc,1,3,1696249800,munoz-pohjola,FALSE
11703445,1,4,10,POOcszQjd,1,3,1696249800,maute-nad,FALSE
11703470,1,1,13,ohrsqNL,1,3,1696254900,grey-lizarazo,FALSE
11703524,1,7,,UmGcsqnpd,1,3,1696253400,panaras-morolli,FALSE
11703525,2,,,bEOsPWTd,1,3,1696252500,benson-milushev,FALSE
